Store Name,Shop ID,Store ID,Order Count,Count of Misc payment,Sales (excl. tax),Tax on sales,Sales (incl. tax),Refunds (excl tax),Tax on Refunds,Refunds (incl tax),Price adjustments (excl. tax),Tax on price adjustments,Adjustments (including tax),Promotions on items,Tax on Promotion on items,Promotions on delivery,Tax on Promotions on Delivery,Marketing adjustment,Bag Fee,Marketplace fee,Tax on Marketplace fee,Delivery Network Fee,Tax on delivery network fee,Order Processing Fee,Total Sales after Adjustments (incl tax),Other payments,Marketplace Facilitator Tax,Backup Withholding Tax,Total payout ,Payout Date,Payout reference ID,folder_name,Tax on Sales,Order Error Adjustments,Tax on Order Error Adjustments,Order Error Adjustments (incl. tax),Tax on Price Adjustments,Price Adjustments (incl. tax),Offers on items (incl. tax),Tax On Offers on items,Delivery Offer Redemptions (incl. tax),Tax On Delivery Offer Redemptions,Marketing Adjustment,Marketplace Fee,Tax on Marketplace Fee,Tax on Delivery Network Fee,Capital payments
McDonald's (4783 Liberty Ave),3d2d8bd9-5a32-543b-a0f7-836f141dd27d,23727,1,0,31.22,0.21,31.43,0.0,0.0,0.0,0,0.0,0.0,-6.19,0.0,0.0,0.0,0.0,0,-3.5,0.0,0,0.0,0,25.24,0.0,-0.21,0.0,21.53,6/24/25,4XSZK45XFJW5IKB,QSR Executive Enterprises-June23-June29,,,,,,,,,,,,,,,
McDonald's® (117th St & Detroit),491f182f-a4e2-4f38-a00b-1aee28d778da,1568,269,7,6202.74,40.1,6242.84,-76.07,-0.62,-76.69,0,0.0,0.0,-737.86,0.0,0.0,0.0,0.0,0,-845.36,0.0,0,0.0,0,5504.98,-20.56,-39.48,0.0,4522.89,6/24/25,CSS20M9NNF2Y1K1,QSR Executive Enterprises-June23-June29,,,,,,,,,,,,,,,
McDonald's® (1582 MENTOR AVE),bb8cdad5-292d-45b0-8d99-161e2c07ef8d,10705,26,0,645.15,1.69,646.84,-4.24,0.0,-4.24,0,0.0,0.0,-88.27,0.0,0.0,0.0,0.0,0,-83.65,0.0,0,0.0,0,558.57,0.0,-1.69,0.0,468.99,6/24/25,5JXLM0L1A3TJPKH,QSR Executive Enterprises-June23-June29,,,,,,,,,,,,,,,
McDonald's® (1725 HENDERSON DRIVE),87d18902-06ce-4939-882a-370dc8ce8dec,24316,68,0,1790.14,7.68,1797.82,-38.62,-0.21,-38.83,0,0.0,0.0,-174.36,0.0,0.0,0.0,0.0,0,-249.96,0.0,0,0.0,0,1623.46,0.0,-7.47,-315.36,994.65,6/23/25,9EGQ3LJ05SK7SMZ,QSR Executive Enterprises-June23-June29,,,,,,,,,,,,,,,
McDonald's® (2102 RIVER AVE),e970bbdf-f08d-4973-beb7-e5705b9958f8,6678,9,0,342.97,2.66,345.63,0.0,0.0,0.0,0,0.0,0.0,-35.56,0.0,0.0,0.0,0.0,0,-46.29,0.0,0,0.0,0,310.07,0.0,-2.66,0.0,261.12,6/23/25,CIDSAZHV017F107,QSR Executive Enterprises-June23-June29,,,,,,,,,,,,,,,
McDonald's® (2118 Cleveland Rd W),71c6a949-9742-4f39-b06e-718610aca49a,6106,1,0,37.67,0.0,37.67,0.0,0.0,0.0,0,0.0,0.0,0.0,0.0,0.0,0.0,0.0,0,-6.03,0.0,0,0.0,0,37.67,0.0,0.0,0.0,31.64,6/23/25,GSIHY216I1WSSKU,QSR Executive Enterprises-June23-June29,,,,,,,,,,,,,,,
McDonald's® (249 Benedict Ave),e491d6e9-a063-4943-81ed-5db185c208ec,3401,1,0,34.98,0.0,34.98,0.0,0.0,0.0,0,0.0,0.0,-7.15,0.0,0.0,0.0,0.0,0,-3.9,0.0,0,0.0,0,27.83,0.0,0.0,0.0,23.93,6/24/25,5FJBLVICUJ3HTSX,QSR Executive Enterprises-June23-June29,,,,,,,,,,,,,,,
McDonald's® (3221 OBERLIN AVE),ac90e816-e98a-4464-ba44-06592b167a86,16255,47,0,1204.02,6.71,1210.73,-36.97,0.0,-36.97,0,0.0,0.0,-78.29,0.0,0.0,0.0,0.0,0,-172.85,0.0,0,0.0,0,1132.44,0.0,-6.71,0.0,915.91,6/24/25,A8CWFJ2QLTSK9Z8,QSR Executive Enterprises-June23-June29,,,,,,,,,,,,,,,
McDonald's® (32528 LORAIN RD),bde8a002-39d6-4f1e-b33f-1d64a3fa32ca,16875,94,0,2391.27,5.6,2396.87,2.72,0.0,2.72,0,0.0,0.0,-184.43,0.0,0.0,0.0,0.0,0,-338.48,0.0,0,0.0,0,2212.44,0.0,-5.6,0.0,1871.08,6/24/25,1TDRM9T17MW9E7Q,QSR Executive Enterprises-June23-June29,,,,,,,,,,,,,,,
McDonald's® (35900 CENTER RIDGE RD),4213c40d-2b4e-40a2-8be5-f3ae4b6ca02f,34162,45,0,1068.6,4.81,1073.41,13.58,0.0,13.58,0,0.0,0.0,-127.71,0.0,0.0,0.0,0.0,0,-141.92,0.0,0,0.0,0,945.7,0.0,-4.81,0.0,812.55,6/23/25,BXF0HNOOK68FSM0,QSR Executive Enterprises-June23-June29,,,,,,,,,,,,,,,
McDonald's® (4204 MILAN ROAD),eee7f2d1-f345-4d2b-b24e-08abe3c24f17,32777,7,0,159.05,0.89,159.94,0.0,0.0,0.0,0,0.0,0.0,0.0,0.0,0.0,0.0,0.0,0,-24.62,0.0,0,0.0,0,159.94,0.0,-0.89,0.0,134.43,6/23/25,4M3OCIQGW5P954B,QSR Executive Enterprises-June23-June29,,,,,,,,,,,,,,,
McDonald's® (908 W PERKINS),ea956b12-1aa6-4350-8dfd-1b5d61c10b23,12283,12,0,304.22,1.7,305.92,0.0,0.0,0.0,0,0.0,0.0,-13.98,0.0,0.0,0.0,0.0,0,-45.03,0.0,0,0.0,0,291.94,0.0,-1.7,0.0,245.21,6/23/25,F0G6F9402LS4ZXN,QSR Executive Enterprises-June23-June29,,,,,,,,,,,,,,,
McDonald's® (95 RICHMOND ST),914b0747-950e-436c-b45a-135451e7944a,1807,78,0,2033.42,9.8,2043.22,-61.1,-1.15,-62.25,0,0.0,0.0,-213.38,0.0,0.0,0.0,0.0,0,-276.38,0.0,0,0.0,0,1829.84,0.0,-8.65,0.0,1482.56,6/24/25,GNRY4R71VGO323K,QSR Executive Enterprises-June23-June29,,,,,,,,,,,,,,,
McDonald's® (Lorain & 226th St),18963aec-6a43-4d25-b62c-a6aaf5644d5f,174,69,0,1701.09,10.98,1712.07,-1.05,0.0,-1.05,0,0.0,0.0,-194.81,0.0,0.0,0.0,0.0,0,-233.83,0.0,0,0.0,0,1517.26,0.0,-10.98,0.0,1271.4,6/23/25,7BKCNX85C7ECE8Z,QSR Executive Enterprises-June23-June29,,,,,,,,,,,,,,,
McDonald's® (Lorain & Dover Center),67ae0730-77ff-491f-a800-6535242e3a09,817,121,0,2831.02,15.24,2846.26,26.44,0.0,26.44,0,0.0,0.0,-356.69,0.0,0.0,0.0,0.0,0,-380.25,0.0,0,0.0,0,2489.57,0.0,-15.24,0.0,2120.52,6/24/25,Z5GZPB6T82C5CB5,QSR Executive Enterprises-June23-June29,,,,,,,,,,,,,,,
McDonald's® (Puritas & 143rd St),a198a1e2-b045-4037-996c-f6d56c9b46c9,11366,74,0,1870.0,7.88,1877.88,-6.19,0.0,-6.19,0,0.0,0.0,-196.42,0.0,0.0,0.0,0.0,0,-259.96,0.0,0,0.0,0,1681.46,0.0,-7.88,0.0,1407.43,6/23/25,UVKJ4DHOL3JSQZT,QSR Executive Enterprises-June23-June29,,,,,,,,,,,,,,,
McDonald's® (117th St & Detroit),491f182f-a4e2-4f38-a00b-1aee28d778da,1568,260,9,5754.61,33.91,5788.52,-48.5,-0.18,-48.68,0,0.0,0.0,-632.21,0.0,0.0,0.0,0.0,0,-793.79,0.0,0,0.0,0,5156.31,-19.77,-33.73,0.0,4302.55,6/30/25,FVAVMNLYFHW0ME9,QSR Executive Enterprises-June30-July6,,,,,,,,,,,,,,,
McDonald's® (1582 MENTOR AVE),bb8cdad5-292d-45b0-8d99-161e2c07ef8d,10705,24,2,538.88,3.2,542.08,0.0,0.0,0.0,0,0.0,0.0,-68.29,0.0,0.0,0.0,0.0,0,-72.29,0.0,0,0.0,0,473.79,0.0,-3.2,0.0,404.24,6/30/25,JLZY5HDCUTXCQXV,QSR Executive Enterprises-June30-July6,,,,,,,,,,,,,,,
McDonald's® (1725 HENDERSON DRIVE),87d18902-06ce-4939-882a-370dc8ce8dec,24316,66,2,1730.29,10.22,1740.51,0.49,0.0,0.49,0,0.0,0.0,-137.18,0.0,0.0,0.0,0.0,0,-246.87,0.0,0,0.0,0,1603.33,0.0,-10.22,-317.96,1006.81,6/30/25,LQ0D7N30YGI28G7,QSR Executive Enterprises-June30-July6,,,,,,,,,,,,,,,
McDonald's® (2102 RIVER AVE),e970bbdf-f08d-4973-beb7-e5705b9958f8,6678,19,1,549.66,3.18,552.84,0.0,0.0,0.0,0,0.0,0.0,-49.83,0.0,0.0,0.0,0.0,0,-78.33,0.0,0,0.0,0,503.01,0.0,-3.18,0.0,422.84,7/1/25,3BQ82YBNJFFC5GV,QSR Executive Enterprises-June30-July6,,,,,,,,,,,,,,,
McDonald's® (249 Benedict Ave),e491d6e9-a063-4943-81ed-5db185c208ec,3401,3,0,42.95,0.22,43.17,0.0,0.0,0.0,0,0.0,0.0,0.0,0.0,0.0,0.0,0.0,0,-6.33,0.0,0,0.0,0,43.17,0.0,-0.22,0.0,36.62,6/30/25,3J9AHIVVIZPUU1W,QSR Executive Enterprises-June30-July6,,,,,,,,,,,,,,,
McDonald's® (3221 OBERLIN AVE),ac90e816-e98a-4464-ba44-06592b167a86,16255,45,2,1227.33,5.79,1233.12,-47.12,-0.82,-47.94,0,0.0,0.0,-102.73,0.0,0.0,0.0,0.0,0,-170.41,0.0,0,0.0,0,1130.39,0.0,-4.97,0.0,915.69,6/30/25,G127JAI1WMP5YTV,QSR Executive Enterprises-June30-July6,,,,,,,,,,,,,,,
McDonald's® (32528 LORAIN RD),bde8a002-39d6-4f1e-b33f-1d64a3fa32ca,16875,96,2,2493.69,9.71,2503.4,-22.52,-0.37,-22.89,0,0.0,0.0,-204.67,0.0,0.0,0.0,0.0,0,-357.25,0.0,0,0.0,0,2298.73,0.0,-9.34,0.0,1930.42,6/30/25,43LN3XL9UJ15E5B,QSR Executive Enterprises-June30-July6,,,,,,,,,,,,,,,
McDonald's® (35900 CENTER RIDGE RD),4213c40d-2b4e-40a2-8be5-f3ae4b6ca02f,34162,36,1,934.08,4.41,938.49,0.0,0.0,0.0,0,0.0,0.0,-83.78,0.0,0.0,0.0,0.0,0,-128.32,0.0,0,0.0,0,854.71,-17.09,-4.41,0.0,704.89,6/30/25,F2MCKF5NLRORKV4,QSR Executive Enterprises-June30-July6,,,,,,,,,,,,,,,
McDonald's® (412 Main St),9376c1e8-6220-4e4b-b294-87880ece685c,19593,3,0,69.04,0.84,69.88,0.0,0.0,0.0,0,0.0,0.0,-12.58,0.0,0.0,0.0,0.0,0,-9.04,0.0,0,0.0,0,57.3,0.0,-0.84,0.0,47.42,6/30/25,W02NJF77LBZ8I36,QSR Executive Enterprises-June30-July6,,,,,,,,,,,,,,,
McDonald's® (4204 MILAN ROAD),eee7f2d1-f345-4d2b-b24e-08abe3c24f17,32777,2,1,14.98,0.0,14.98,0.0,0.0,0.0,0,0.0,0.0,0.0,0.0,0.0,0.0,0.0,0,-2.18,0.0,0,0.0,0,14.98,0.0,0.0,0.0,13.47,6/30/25,2HARJBD9V95PO8V,QSR Executive Enterprises-June30-July6,,,,,,,,,,,,,,,
McDonald's® (908 W PERKINS),ea956b12-1aa6-4350-8dfd-1b5d61c10b23,12283,10,0,225.14,1.12,226.26,0.0,0.0,0.0,0,0.0,0.0,-17.97,0.0,0.0,0.0,0.0,0,-32.14,0.0,0,0.0,0,208.29,0.0,-1.12,0.0,175.03,6/30/25,CYM6OIXLGQUWP4X,QSR Executive Enterprises-June30-July6,,,,,,,,,,,,,,,
McDonald's® (95 RICHMOND ST),914b0747-950e-436c-b45a-135451e7944a,1807,73,2,1818.87,11.7,1830.57,-9.68,0.0,-9.68,0,0.0,0.0,-182.1,0.0,0.0,0.0,0.0,0,-249.31,0.0,0,0.0,0,1648.47,0.0,-11.7,0.0,1388.93,6/30/25,56P60DANWNWJ9XT,QSR Executive Enterprises-June30-July6,,,,,,,,,,,,,,,
McDonald's® (Lorain & 226th St),18963aec-6a43-4d25-b62c-a6aaf5644d5f,174,70,2,1977.77,6.67,1984.44,-18.16,0.0,-18.16,0,0.0,0.0,-225.62,0.0,0.0,0.0,0.0,0,-268.73,0.0,0,0.0,0,1758.82,0.0,-6.67,0.0,1487.04,7/1/25,7J94SME76TD2FND,QSR Executive Enterprises-June30-July6,,,,,,,,,,,,,,,
McDonald's® (Lorain & Dover Center),67ae0730-77ff-491f-a800-6535242e3a09,817,117,2,2777.8,12.36,2790.16,-50.17,-0.4,-50.57,0,0.0,0.0,-310.08,0.0,0.0,0.0,0.0,0,-379.15,0.0,0,0.0,0,2480.08,0.0,-11.96,0.0,2063.59,6/30/25,TJ92JJE61U1JA9V,QSR Executive Enterprises-June30-July6,,,,,,,,,,,,,,,
McDonald's® (Puritas & 143rd St),a198a1e2-b045-4037-996c-f6d56c9b46c9,11366,65,2,1537.54,7.99,1545.53,-10.04,0.0,-10.04,0,0.0,0.0,-172.42,0.0,0.0,0.0,0.0,0,-212.24,0.0,0,0.0,0,1373.11,0.0,-7.99,0.0,1152.01,6/30/25,UXQRW6OUJ6W4WCT,QSR Executive Enterprises-June30-July6,,,,,,,,,,,,,,,
McDonald's® (95 RICHMOND ST),914b0747-950e-436c-b45a-135451e7944a,1807,98,0,2538.51,,2555.13,,,,0,,,,,,,,0,,,0,,0,2179.1,0.0,-16.62,0.0,1799.44,7/28/25,63HUVC2338IA6GV,QSR Executive Enterprises-July28-Aug3,16.62,-32.7,0.0,-32.7,0.0,0.0,-376.03,0.0,0.0,0.0,0.0,-330.34,0.0,0.0,
McDonald's® (2102 RIVER AVE),e970bbdf-f08d-4973-beb7-e5705b9958f8,6678,17,0,610.23,,613.34,,,,0,,,,,,,,0,,,0,,0,544.13,0.0,-3.11,0.0,457.27,7/28/25,FK1SFM4LVNHRWWU,QSR Executive Enterprises-July28-Aug3,3.11,0.0,0.0,0.0,0.0,0.0,-69.21,0.0,0.0,0.0,0.0,-83.75,0.0,0.0,
McDonald's® (3221 OBERLIN AVE),ac90e816-e98a-4464-ba44-06592b167a86,16255,70,0,1857.66,,1867.53,,,,0,,,,,,,,0,,,0,,0,1663.42,0.0,-9.87,0.0,1335.43,7/28/25,SGC3PUM7RTJXE48,QSR Executive Enterprises-July28-Aug3,9.87,-61.69,0.0,-61.69,0.0,0.0,-204.11,0.0,0.0,0.0,0.0,-256.43,0.0,0.0,
McDonald's® (35900 CENTER RIDGE RD),4213c40d-2b4e-40a2-8be5-f3ae4b6ca02f,34162,45,0,1179.4,,1184.62,,,,0,,,,,,,,0,,,0,,0,1027.83,0.0,-5.22,0.0,865.28,7/28/25,VVKWAT88P4TT9RS,QSR Executive Enterprises-July28-Aug3,5.22,0.0,0.0,0.0,0.0,0.0,-156.79,0.0,0.0,0.0,0.0,-157.33,0.0,0.0,
McDonald's® (1725 HENDERSON DRIVE),87d18902-06ce-4939-882a-370dc8ce8dec,24316,66,0,1709.62,,1717.34,,,,0,,,,,,,,0,,,0,,0,1573.46,0.0,-7.72,-307.92,975.03,7/28/25,3Z556LDK3SZ5RL0,QSR Executive Enterprises-July28-Aug3,7.72,-39.08,0.0,-39.08,0.0,0.0,-143.88,0.0,0.0,0.0,0.0,-243.71,0.0,0.0,
McDonald's® (412 Main St),9376c1e8-6220-4e4b-b294-87880ece685c,19593,8,0,186.38,,189.41,,,,0,,,,,,,,0,,,0,,0,164.14,0.0,-3.03,0.0,108.26,7/28/25,5LBSXP5A5AHCNJM,QSR Executive Enterprises-July28-Aug3,3.03,-27.78,0.0,-27.78,0.0,0.0,-25.27,0.0,0.0,0.0,0.0,-25.07,0.0,0.0,
McDonald's® (908 W PERKINS),ea956b12-1aa6-4350-8dfd-1b5d61c10b23,12283,19,1,527.49,,530.54,,,,0,,,,,,,,0,,,0,,0,459.06,-22.67,-3.05,0.0,357.44,7/28/25,5LI6QCTQCVIB72D,QSR Executive Enterprises-July28-Aug3,3.05,-5.19,0.0,-5.19,0.0,0.0,-71.48,0.0,0.0,0.0,0.0,-70.71,0.0,0.0,
McDonald's® (117th St & Detroit),491f182f-a4e2-4f38-a00b-1aee28d778da,1568,331,8,7631.9,,7670.48,,,,0,,,,,,,,0,,,0,,0,6228.35,-17.21,-37.92,0.0,5059.39,7/28/25,7KZM2LAR5RZIA31,QSR Executive Enterprises-July28-Aug3,38.58,-153.22,-0.66,-153.88,0.0,0.0,-1442.13,0.0,0.0,0.0,0.0,-959.95,0.0,0.0,
McDonald's® (32528 LORAIN RD),bde8a002-39d6-4f1e-b33f-1d64a3fa32ca,16875,110,0,2997.06,,3010.36,,,,0,,,,,,,,0,,,0,,0,2684.31,0.0,-13.3,0.0,2234.65,7/29/25,C9QV05D90C64GME,QSR Executive Enterprises-July28-Aug3,13.3,-24.0,0.0,-24.0,0.0,0.0,-326.05,0.0,0.0,0.0,0.0,-412.36,0.0,0.0,
McDonald's® (2118 Cleveland Rd W),71c6a949-9742-4f39-b06e-718610aca49a,6106,1,0,20.38,,20.84,,,,0,,,,,,,,0,,,0,,0,20.84,0.0,-0.46,0.0,17.12,7/28/25,8OPNB8OFA0QM7LB,QSR Executive Enterprises-July28-Aug3,0.46,0.0,0.0,0.0,0.0,0.0,0.0,0.0,0.0,0.0,0.0,-3.26,0.0,0.0,
McDonald's® (Puritas & 143rd St),a198a1e2-b045-4037-996c-f6d56c9b46c9,11366,76,0,2002.46,,2009.33,,,,0,,,,,,,,0,,,0,,0,1770.37,0.0,-6.87,0.0,1483.64,7/28/25,V0SV1LDYXSKN416,QSR Executive Enterprises-July28-Aug3,6.87,-11.08,0.0,-11.08,0.0,0.0,-238.96,0.0,0.0,0.0,0.0,-268.78,0.0,0.0,
McDonald's® (1582 MENTOR AVE),bb8cdad5-292d-45b0-8d99-161e2c07ef8d,10705,21,0,631.34,,632.57,,,,0,,,,,,,,0,,,0,,0,559.2,0.0,-1.23,0.0,474.29,7/28/25,OKJDIOE533ABH0B,QSR Executive Enterprises-July28-Aug3,1.23,0.0,0.0,0.0,0.0,0.0,-73.37,0.0,0.0,0.0,0.0,-83.68,0.0,0.0,
McDonald's® (Lorain & 226th St),18963aec-6a43-4d25-b62c-a6aaf5644d5f,174,85,0,2045.13,,2055.83,,,,0,,,,,,,,0,,,0,,0,1696.07,0.0,-10.7,0.0,1322.26,7/28/25,CVRWUFRTUPR9BBM,QSR Executive Enterprises-July28-Aug3,10.7,-103.36,0.0,-103.36,0.0,0.0,-359.76,0.0,0.0,0.0,0.0,-259.75,0.0,0.0,
McDonald's® (249 Benedict Ave),e491d6e9-a063-4943-81ed-5db185c208ec,3401,1,0,14.35,,14.35,,,,0,,,,,,,,0,,,0,,0,14.35,0.0,0.0,0.0,12.05,7/28/25,DFATN9XS9KOCDRI,QSR Executive Enterprises-July28-Aug3,0.0,0.0,0.0,0.0,0.0,0.0,0.0,0.0,0.0,0.0,0.0,-2.3,0.0,0.0,
McDonald's® (4204 MILAN ROAD),eee7f2d1-f345-4d2b-b24e-08abe3c24f17,32777,4,0,141.91,,142.62,,,,0,,,,,,,,0,,,0,,0,111.55,0.0,-0.71,0.0,89.05,7/29/25,F0CTA4SSO415PQV,QSR Executive Enterprises-July28-Aug3,0.71,-4.05,0.0,-4.05,0.0,0.0,-31.07,0.0,0.0,0.0,0.0,-17.74,0.0,0.0,
McDonald's® (Lorain & Dover Center),67ae0730-77ff-491f-a800-6535242e3a09,817,150,0,3776.06,,3793.34,,,,0,,,,,,,,0,,,0,,0,3238.04,0.0,-16.27,0.0,2682.93,7/28/25,C50GO8U5X0ZF20G,QSR Executive Enterprises-July28-Aug3,17.28,-46.32,-1.01,-47.33,0.0,0.0,-555.3,0.0,0.0,0.0,0.0,-491.51,0.0,0.0,
McDonald's® (95 RICHMOND ST),914b0747-950e-436c-b45a-135451e7944a,1807,109,0,2798.38,,2804.77,,,,0,,,,,,,,0,,,0,,0,2340.07,0.0,-6.25,0.0,1962.22,8/5/25,GKSI9L7OQXA0IM9,QSR Executive Enterprises-Aug4-Aug10,6.39,-14.76,-0.14,-14.9,0.0,0.0,-464.7,0.0,0.0,0.0,0.0,-356.7,0.0,0.0,
McDonald's® (2102 RIVER AVE),e970bbdf-f08d-4973-beb7-e5705b9958f8,6678,32,0,879.21,,881.02,,,,0,,,,,,,,0,,,0,,0,741.04,0.0,-1.81,0.0,627.11,8/4/25,3N26K2GFI6QLFK2,QSR Executive Enterprises-Aug4-Aug10,1.81,0.0,0.0,0.0,0.0,0.0,-139.98,0.0,0.0,0.0,0.0,-112.12,0.0,0.0,
McDonald's® (3221 OBERLIN AVE),ac90e816-e98a-4464-ba44-06592b167a86,16255,90,0,2501.48,,2509.98,,,,0,,,,,,,,0,,,0,,0,2204.6,0.0,-8.5,0.0,1800.28,8/5/25,FK923LRT59K65CV,QSR Executive Enterprises-Aug4-Aug10,8.5,-54.74,0.0,-54.74,0.0,0.0,-305.38,0.0,0.0,0.0,0.0,-341.08,0.0,0.0,
McDonald's® (35900 CENTER RIDGE RD),4213c40d-2b4e-40a2-8be5-f3ae4b6ca02f,34162,41,0,1182.68,,1184.67,,,,0,,,,,,,,0,,,0,,0,1034.48,0.0,-1.99,0.0,862.87,8/5/25,FTSLREUT81IA8M6,QSR Executive Enterprises-Aug4-Aug10,1.99,-11.48,0.0,-11.48,0.0,0.0,-150.19,0.0,0.0,0.0,0.0,-158.14,0.0,0.0,
McDonald's® (1725 HENDERSON DRIVE),87d18902-06ce-4939-882a-370dc8ce8dec,24316,91,0,2099.84,,2104.45,,,,0,,,,,,,,0,,,0,,0,1842.13,0.0,-3.92,-365.58,1149.37,8/4/25,6TBFT0PCIAW8TCG,QSR Executive Enterprises-Aug4-Aug10,4.61,-36.75,-0.69,-37.44,0.0,0.0,-262.32,0.0,0.0,0.0,0.0,-285.82,0.0,0.0,
McDonald's® (412 Main St),9376c1e8-6220-4e4b-b294-87880ece685c,19593,2,0,48.49,,48.49,,,,0,,,,,,,,0,,,0,,0,39.81,0.0,0.0,0.0,33.65,8/4/25,DXCKXU2T2KDN330,QSR Executive Enterprises-Aug4-Aug10,0.0,0.0,0.0,0.0,0.0,0.0,-8.68,0.0,0.0,0.0,0.0,-6.16,0.0,0.0,
McDonald's® (908 W PERKINS),ea956b12-1aa6-4350-8dfd-1b5d61c10b23,12283,22,0,542.0,,544.4,,,,0,,,,,,,,0,,,0,,0,506.48,0.0,-2.4,0.0,417.01,8/4/25,L2IUPK5RCPHOK98,QSR Executive Enterprises-Aug4-Aug10,2.4,-11.49,0.0,-11.49,0.0,0.0,-37.92,0.0,0.0,0.0,0.0,-75.58,0.0,0.0,
McDonald's® (117th St & Detroit),491f182f-a4e2-4f38-a00b-1aee28d778da,1568,349,9,8306.8,,8328.56,,,,0,,,,,,,,0,,,0,,0,6681.66,-21.58,-21.08,0.0,5532.92,8/5/25,YT2H1IRM7FIRVMB,QSR Executive Enterprises-Aug4-Aug10,21.76,-73.68,-0.68,-74.36,0.0,0.0,-1646.9,0.0,0.0,0.0,0.0,-1031.72,0.0,0.0,
McDonald's® (32528 LORAIN RD),bde8a002-39d6-4f1e-b33f-1d64a3fa32ca,16875,118,0,3160.1,,3171.44,,,,0,,,,,,,,0,,,0,,0,2785.49,0.0,-11.34,0.0,2327.57,8/5/25,7ZJYO2ZV5FQEFX0,QSR Executive Enterprises-Aug4-Aug10,11.34,-18.58,0.0,-18.58,0.0,0.0,-385.95,0.0,0.0,0.0,0.0,-428.0,0.0,0.0,
McDonald's® (2118 Cleveland Rd W),71c6a949-9742-4f39-b06e-718610aca49a,6106,1,0,15.75,,15.75,,,,0,,,,,,,,0,,,0,,0,15.75,0.0,0.0,0.0,13.23,8/4/25,3Z2EAE2W18H65HQ,QSR Executive Enterprises-Aug4-Aug10,0.0,0.0,0.0,0.0,0.0,0.0,0.0,0.0,0.0,0.0,0.0,-2.52,0.0,0.0,
McDonald's® (Puritas & 143rd St),a198a1e2-b045-4037-996c-f6d56c9b46c9,11366,75,0,1785.25,,1791.27,,,,0,,,,,,,,0,,,0,,0,1471.71,0.0,-5.54,0.0,1235.72,8/4/25,KYP8LQ8OPQ4MEDL,QSR Executive Enterprises-Aug4-Aug10,6.02,-5.99,-0.48,-6.47,0.0,0.0,-319.56,0.0,0.0,0.0,0.0,-223.98,0.0,0.0,
McDonald's® (1582 MENTOR AVE),bb8cdad5-292d-45b0-8d99-161e2c07ef8d,10705,22,0,582.02,,583.91,,,,0,,,,,,,,0,,,0,,0,470.19,0.0,-1.89,0.0,371.62,8/4/25,VW3R0M4WHPXVBEB,QSR Executive Enterprises-Aug4-Aug10,1.89,-27.09,0.0,-27.09,0.0,0.0,-113.72,0.0,0.0,0.0,0.0,-69.59,0.0,0.0,
McDonald's® (Lorain & 226th St),18963aec-6a43-4d25-b62c-a6aaf5644d5f,174,83,0,2201.73,,2208.84,,,,0,,,,,,,,0,,,0,,0,1812.91,0.0,-7.11,0.0,1519.78,8/4/25,HT5W859ZOSSOBGQ,QSR Executive Enterprises-Aug4-Aug10,7.11,-9.48,0.0,-9.48,0.0,0.0,-395.93,0.0,0.0,0.0,0.0,-276.54,0.0,0.0,
McDonald's® (249 Benedict Ave),e491d6e9-a063-4943-81ed-5db185c208ec,3401,2,0,35.02,,35.02,,,,0,,,,,,,,0,,,0,,0,28.63,0.0,0.0,0.0,24.38,8/5/25,SOGCU39Q3SBOV5Z,QSR Executive Enterprises-Aug4-Aug10,0.0,0.0,0.0,0.0,0.0,0.0,-6.39,0.0,0.0,0.0,0.0,-4.25,0.0,0.0,
McDonald's® (4204 MILAN ROAD),eee7f2d1-f345-4d2b-b24e-08abe3c24f17,32777,1,0,21.64,,22.08,,,,0,,,,,,,,0,,,0,,0,18.03,0.0,-0.44,0.0,15.13,8/5/25,C9R7PFMQZ3XHKJH,QSR Executive Enterprises-Aug4-Aug10,0.44,0.0,0.0,0.0,0.0,0.0,-4.05,0.0,0.0,0.0,0.0,-2.46,0.0,0.0,
McDonald's® (Lorain & Dover Center),67ae0730-77ff-491f-a800-6535242e3a09,817,133,0,3356.53,,3363.29,,,,0,,,,,,,,0,,,0,,0,2770.58,0.0,-5.49,0.0,2304.12,8/5/25,AT23719358F6UE9,QSR Executive Enterprises-Aug4-Aug10,6.76,-38.67,-1.27,-39.94,0.0,0.0,-592.71,0.0,0.0,0.0,0.0,-421.03,0.0,0.0,
McDonald's® (117th St & Detroit),491f182f-a4e2-4f38-a00b-1aee28d778da,1568,296,10,6466.67,49.55,6516.22,-138.51,-1.9,-140.41,0,0.0,0.0,-506.61,0.0,0.0,0.0,0.0,0,-917.37,0.0,0,0.0,0,6009.61,25.58,-47.65,0.0,4976.76,7/14/25,WCUTNZAGOUH8LW3,QSR Executive Enterprises-July14-July20,,,,,,,,,,,,,,,
McDonald's® (1582 MENTOR AVE),bb8cdad5-292d-45b0-8d99-161e2c07ef8d,10705,21,2,484.46,2.45,486.91,-6.69,0.0,-6.69,0,0.0,0.0,-34.74,0.0,0.0,0.0,0.0,0,-67.69,0.0,0,0.0,0,452.17,0.0,-2.45,0.0,381.19,7/14/25,F86FNOP30633UUP,QSR Executive Enterprises-July14-July20,,,,,,,,,,,,,,,
McDonald's® (1725 HENDERSON DRIVE),87d18902-06ce-4939-882a-370dc8ce8dec,24316,56,6,1438.89,6.19,1445.08,-26.87,0.0,-26.87,0,0.0,0.0,-68.97,0.0,0.0,0.0,0.0,0,-211.98,0.0,0,0.0,0,1376.11,8.37,-6.19,-274.85,870.5,7/14/25,TMYPW10PFCCDXN1,QSR Executive Enterprises-July14-July20,,,,,,,,,,,,,,,
McDonald's® (2102 RIVER AVE),e970bbdf-f08d-4973-beb7-e5705b9958f8,6678,15,1,460.5,0.82,461.32,0.0,0.0,0.0,0,0.0,0.0,-5.49,0.0,0.0,0.0,0.0,0,-69.34,0.0,0,0.0,0,455.83,0.0,-0.82,0.0,387.68,7/14/25,9OTWILED33O0NV1,QSR Executive Enterprises-July14-July20,,,,,,,,,,,,,,,
McDonald's® (249 Benedict Ave),e491d6e9-a063-4943-81ed-5db185c208ec,3401,2,0,66.63,0.2,66.83,0.0,0.0,0.0,0,0.0,0.0,0.0,0.0,0.0,0.0,0.0,0,-9.77,0.0,0,0.0,0,66.83,0.0,-0.2,0.0,56.86,7/14/25,AJ06B19MXP5JOD4,QSR Executive Enterprises-July14-July20,,,,,,,,,,,,,,,
McDonald's® (3221 OBERLIN AVE),ac90e816-e98a-4464-ba44-06592b167a86,16255,74,2,2065.72,11.65,2077.37,-14.43,0.0,-14.43,0,0.0,0.0,-204.39,0.0,0.0,0.0,0.0,0,-283.37,0.0,0,0.0,0,1872.98,0.0,-11.65,0.0,1570.17,7/14/25,XI8R28EIX3NIA2Q,QSR Executive Enterprises-July14-July20,,,,,,,,,,,,,,,
McDonald's® (32528 LORAIN RD),bde8a002-39d6-4f1e-b33f-1d64a3fa32ca,16875,96,2,2638.26,12.53,2650.79,-7.59,0.0,-7.59,0,0.0,0.0,-161.22,0.0,0.0,0.0,0.0,0,-386.78,0.0,0,0.0,0,2489.57,0.0,-12.53,0.0,2096.47,7/14/25,I4I4GJD8NYENDUI,QSR Executive Enterprises-July14-July20,,,,,,,,,,,,,,,
McDonald's® (35900 CENTER RIDGE RD),4213c40d-2b4e-40a2-8be5-f3ae4b6ca02f,34162,38,2,982.08,4.58,986.66,0.0,0.0,0.0,0,0.0,0.0,-31.14,0.0,0.0,0.0,0.0,0,-144.45,0.0,0,0.0,0,955.52,0.0,-4.58,0.0,809.75,7/14/25,DK7FK4H2WFFY58V,QSR Executive Enterprises-July14-July20,,,,,,,,,,,,,,,
McDonald's® (412 Main St),9376c1e8-6220-4e4b-b294-87880ece685c,19593,1,1,60.03,0.0,60.03,0.0,0.0,0.0,0,0.0,0.0,-7.59,0.0,0.0,0.0,0.0,0,-8.39,0.0,0,0.0,0,52.44,0.0,0.0,0.0,44.69,7/14/25,FY36G8P77Z7F0OV,QSR Executive Enterprises-July14-July20,,,,,,,,,,,,,,,
McDonald's® (4204 MILAN ROAD),eee7f2d1-f345-4d2b-b24e-08abe3c24f17,32777,7,0,191.29,2.56,193.85,0.0,0.0,0.0,0,0.0,0.0,-15.18,0.0,0.0,0.0,0.0,0,-25.4,0.0,0,0.0,0,178.67,0.0,-2.56,0.0,150.71,7/14/25,2FHBY0WG11PDZ0O,QSR Executive Enterprises-July14-July20,,,,,,,,,,,,,,,
McDonald's® (908 W PERKINS),ea956b12-1aa6-4350-8dfd-1b5d61c10b23,12283,13,2,311.69,3.22,314.91,0.0,0.0,0.0,0,0.0,0.0,-33.15,0.0,0.0,0.0,0.0,0,-42.47,0.0,0,0.0,0,281.76,0.0,-3.22,0.0,238.69,7/14/25,9IBMC1IJSWBI7ZY,QSR Executive Enterprises-July14-July20,,,,,,,,,,,,,,,
McDonald's® (95 RICHMOND ST),914b0747-950e-436c-b45a-135451e7944a,1807,73,3,1796.12,11.73,1807.85,-7.88,0.0,-7.88,0,0.0,0.0,-94.24,0.0,0.0,0.0,0.0,0,-258.09,0.0,0,0.0,0,1713.61,43.51,-11.73,0.0,1489.99,7/14/25,DZSUFVUE6AOZS9D,QSR Executive Enterprises-July14-July20,,,,,,,,,,,,,,,
McDonald's® (Lorain & 226th St),18963aec-6a43-4d25-b62c-a6aaf5644d5f,174,86,2,2164.14,13.2,2177.34,-36.83,-0.99,-37.82,0,0.0,0.0,-79.05,0.0,0.0,0.0,0.0,0,-318.57,0.0,0,0.0,0,2098.29,0.0,-12.21,0.0,1745.47,7/14/25,5W823RP99BVQNAF,QSR Executive Enterprises-July14-July20,,,,,,,,,,,,,,,
McDonald's® (Lorain & Dover Center),67ae0730-77ff-491f-a800-6535242e3a09,817,102,2,2259.83,16.88,2276.71,-20.53,0.0,-20.53,0,0.0,0.0,-84.66,0.0,0.0,0.0,0.0,0,-330.13,0.0,0,0.0,0,2192.05,0.0,-16.88,0.0,1849.67,7/14/25,NNB39VAX5POO6MU,QSR Executive Enterprises-July14-July20,,,,,,,,,,,,,,,
McDonald's® (Puritas & 143rd St),a198a1e2-b045-4037-996c-f6d56c9b46c9,11366,70,2,1646.32,9.83,1656.15,-31.05,0.0,-31.05,0,0.0,0.0,-74.88,0.0,0.0,0.0,0.0,0,-241.19,0.0,0,0.0,0,1581.27,0.0,-9.83,0.0,1310.32,7/14/25,VL6RZ3H060UXVVO,QSR Executive Enterprises-July14-July20,,,,,,,,,,,,,,,
McDonald's® (95 RICHMOND ST),914b0747-950e-436c-b45a-135451e7944a,1807,89,0,2297.4,,2305.48,,,,0,,,,,,,,0,,,0,,0,1914.84,0.0,-7.33,0.0,1591.97,8/18/25,Y7L0WXVOL7LPA29,QSR Executive Enterprises-Aug18-Aug24,8.08,-23.21,0.0,-23.21,0.0,0.0,-390.64,-0.75,0.0,0.0,0.0,-291.58,0.0,0.0,0.0
McDonald's® (2102 RIVER AVE),e970bbdf-f08d-4973-beb7-e5705b9958f8,6678,18,1,509.56,,510.93,,,,0,,,,,,,,0,,,0,,0,448.98,28.19,-1.33,0.0,408.47,8/18/25,IAM837H4975PGYZ,QSR Executive Enterprises-Aug18-Aug24,1.37,0.0,0.0,0.0,0.0,0.0,-61.95,-0.04,0.0,0.0,0.0,-67.33,0.0,0.0,0.0
McDonald's® (3221 OBERLIN AVE),ac90e816-e98a-4464-ba44-06592b167a86,16255,62,0,1484.77,,1491.01,,,,0,,,,,,,,0,,,0,,0,1329.94,0.0,-5.74,0.0,1115.88,8/18/25,WN2I0E2GF60UB4X,QSR Executive Enterprises-Aug18-Aug24,6.24,-4.49,0.0,-4.49,0.0,0.0,-161.07,-0.5,0.0,0.0,0.0,-203.33,0.0,0.0,0.0
McDonald's® (35900 CENTER RIDGE RD),4213c40d-2b4e-40a2-8be5-f3ae4b6ca02f,34162,38,0,1055.53,,1058.7,,,,0,,,,,,,,0,,,0,,0,938.31,0.0,-3.05,0.0,764.04,8/18/25,GGIYNL2MEPUYCUQ,QSR Executive Enterprises-Aug18-Aug24,3.17,-30.72,0.0,-30.72,0.0,0.0,-120.39,-0.12,0.0,0.0,0.0,-140.38,0.0,0.0,0.0
McDonald's® (1725 HENDERSON DRIVE),87d18902-06ce-4939-882a-370dc8ce8dec,24316,73,2,1898.07,,1900.99,,,,0,,,,,,,,0,,,0,,0,1619.02,9.08,-2.77,-323.61,1020.38,8/18/25,YDB9Y2N4R6LYFSN,QSR Executive Enterprises-Aug18-Aug24,2.92,-31.54,0.0,-31.54,0.0,0.0,-281.97,-0.15,0.0,0.0,0.0,-249.65,0.0,0.0,0.0
McDonald's (4783 Liberty Ave),3d2d8bd9-5a32-543b-a0f7-836f141dd27d,23727,2,0,35.52,,35.52,,,,0,,,,,,,,0,,,0,,0,35.52,0.0,0.0,0.0,30.22,8/18/25,EKPQPNJ7Z1A1NNE,QSR Executive Enterprises-Aug18-Aug24,0.0,0.0,0.0,0.0,0.0,0.0,0.0,0.0,0.0,0.0,0.0,-5.3,0.0,0.0,0.0
McDonald's® (412 Main St),9376c1e8-6220-4e4b-b294-87880ece685c,19593,7,0,203.14,,203.91,,,,0,,,,,,,,0,,,0,,0,188.73,0.0,-0.7,0.0,157.89,8/18/25,NEMS8I8DGK9XNQT,QSR Executive Enterprises-Aug18-Aug24,0.77,0.0,0.0,0.0,0.0,0.0,-15.18,-0.07,0.0,0.0,0.0,-30.07,0.0,0.0,0.0
McDonald's® (908 W PERKINS),ea956b12-1aa6-4350-8dfd-1b5d61c10b23,12283,18,0,521.03,,522.27,,,,0,,,,,,,,0,,,0,,0,449.56,0.0,-1.21,0.0,380.47,8/18/25,R3P7HHFFV3L241J,QSR Executive Enterprises-Aug18-Aug24,1.24,0.0,0.0,0.0,0.0,0.0,-72.71,-0.03,0.0,0.0,0.0,-67.85,0.0,0.0,0.0
McDonald's® (117th St & Detroit),491f182f-a4e2-4f38-a00b-1aee28d778da,1568,366,8,8251.18,,8275.84,,,,0,,,,,,,,0,,,0,,0,6564.5,-0.2,-23.26,0.0,5347.18,8/18/25,IRI6G7RGZIKAL52,QSR Executive Enterprises-Aug18-Aug24,24.66,-189.34,0.0,-189.34,0.0,0.0,-1711.34,-1.4,0.0,0.0,0.0,-1003.12,0.0,0.0,0.0
McDonald's® (32528 LORAIN RD),bde8a002-39d6-4f1e-b33f-1d64a3fa32ca,16875,102,0,2768.75,,2777.73,,,,0,,,,,,,,0,,,0,,0,2440.8,0.0,-8.23,0.0,2045.13,8/18/25,CV04FEXC3W990CW,QSR Executive Enterprises-Aug18-Aug24,8.98,-10.84,0.0,-10.84,0.0,0.0,-336.93,-0.75,0.0,0.0,0.0,-375.85,0.0,0.0,0.0
McDonald's (31 W MAIN STREET),897eca28-a40a-5b68-be9b-7981deae2e9a,11969,1,0,24.57,,24.57,,,,0,,,,,,,,0,,,0,,0,24.57,0.0,0.0,0.0,21.13,8/18/25,A89G0CZAGJJUNDL,QSR Executive Enterprises-Aug18-Aug24,0.0,0.0,0.0,0.0,0.0,0.0,0.0,0.0,0.0,0.0,0.0,-3.44,0.0,0.0,0.0
McDonald's® (Puritas & 143rd St),a198a1e2-b045-4037-996c-f6d56c9b46c9,11366,61,0,1498.66,,1503.29,,,,0,,,,,,,,0,,,0,,0,1245.59,0.0,-4.51,0.0,987.06,8/18/25,69GX6MKTCXLL5N9,QSR Executive Enterprises-Aug18-Aug24,4.63,-62.39,0.0,-62.39,0.0,0.0,-257.7,-0.12,0.0,0.0,0.0,-191.51,0.0,0.0,0.0
McDonald's® (1582 MENTOR AVE),bb8cdad5-292d-45b0-8d99-161e2c07ef8d,10705,28,0,751.18,,752.77,,,,0,,,,,,,,0,,,0,,0,661.07,0.0,-1.54,0.0,548.39,8/18/25,KMQCXS2BDLH2U1V,QSR Executive Enterprises-Aug18-Aug24,1.59,-12.72,0.0,-12.72,0.0,0.0,-91.7,-0.05,0.0,0.0,0.0,-98.37,0.0,0.0,0.0
McDonald's® (Lorain & 226th St),18963aec-6a43-4d25-b62c-a6aaf5644d5f,174,79,1,1947.27,,1951.71,,,,0,,,,,,,,0,,,0,,0,1628.65,1.9,-4.31,0.0,1355.6,8/18/25,TFFZVRXRQFZQXMT,QSR Executive Enterprises-Aug18-Aug24,4.44,-21.55,0.0,-21.55,0.0,0.0,-323.06,-0.13,0.0,0.0,0.0,-248.96,0.0,0.0,0.0
McDonald's® (4204 MILAN ROAD),eee7f2d1-f345-4d2b-b24e-08abe3c24f17,32777,19,0,517.92,,518.13,,,,0,,,,,,,,0,,,0,,0,432.63,0.0,-0.21,0.0,362.97,8/18/25,VETKIL64PGNW6OT,QSR Executive Enterprises-Aug18-Aug24,0.21,-3.58,0.0,-3.58,0.0,0.0,-85.5,0.0,0.0,0.0,0.0,-65.87,0.0,0.0,0.0
McDonald's® (Lorain & Dover Center),67ae0730-77ff-491f-a800-6535242e3a09,817,136,0,3886.02,,3896.1,,,,0,,,,,,,,0,,,0,,0,3301.65,0.0,-9.47,0.0,2738.2,8/18/25,IK90QV0QJAQRB0D,QSR Executive Enterprises-Aug18-Aug24,10.08,-56.44,0.0,-56.44,0.0,0.0,-594.45,-0.61,0.0,0.0,0.0,-496.93,0.0,0.0,0.0
McDonald's® (95 RICHMOND ST),914b0747-950e-436c-b45a-135451e7944a,1807,85,0,2167.65,,2168.46,,,,0,,,,,,,,0,,,0,,0,1772.46,0.0,-0.81,0.0,1488.72,8/11/25,51PBUFBR5M3INGL,QSR Executive Enterprises-Aug11-Aug17,0.81,-7.69,0.0,-7.69,0.0,0.0,-396.0,0.0,0.0,0.0,0.0,-275.24,0.0,0.0,0.0
McDonald's® (2102 RIVER AVE),e970bbdf-f08d-4973-beb7-e5705b9958f8,6678,18,0,624.85,,624.85,,,,0,,,,,,,,0,,,0,,0,534.38,0.0,0.0,0.0,437.77,8/11/25,2OIJZMD3LUJEP7O,QSR Executive Enterprises-Aug11-Aug17,0.0,-14.94,0.0,-14.94,0.0,0.0,-90.47,0.0,0.0,0.0,0.0,-81.67,0.0,0.0,0.0
McDonald's® (3221 OBERLIN AVE),ac90e816-e98a-4464-ba44-06592b167a86,16255,58,0,1429.15,,1429.15,,,,0,,,,,,,,0,,,0,,0,1285.6,0.0,0.0,0.0,1024.36,8/11/25,C7ZJSV10GGWE54Y,QSR Executive Enterprises-Aug11-Aug17,0.0,-60.71,0.0,-60.71,0.0,0.0,-143.55,0.0,0.0,0.0,0.0,-200.53,0.0,0.0,0.0
McDonald's® (35900 CENTER RIDGE RD),4213c40d-2b4e-40a2-8be5-f3ae4b6ca02f,34162,45,0,1166.41,,1167.51,,,,0,,,,,,,,0,,,0,,0,1071.75,0.0,-1.1,0.0,903.58,8/12/25,ZD92PEY0807XKXX,QSR Executive Enterprises-Aug11-Aug17,1.1,-6.84,0.0,-6.84,0.0,0.0,-95.76,0.0,0.0,0.0,0.0,-160.23,0.0,0.0,0.0
McDonald's® (1725 HENDERSON DRIVE),87d18902-06ce-4939-882a-370dc8ce8dec,24316,83,0,2046.84,,2047.54,,,,0,,,,,,,,0,,,0,,0,1773.15,0.0,-0.7,-343.09,1073.17,8/11/25,WGKXLZLGXB9CTZP,QSR Executive Enterprises-Aug11-Aug17,0.7,-82.43,0.0,-82.43,0.0,0.0,-274.39,0.0,0.0,0.0,0.0,-273.76,0.0,0.0,0.0
McDonald's (4783 Liberty Ave),3d2d8bd9-5a32-543b-a0f7-836f141dd27d,23727,2,0,86.9,,86.9,,,,0,,,,,,,,0,,,0,,0,82.01,0.0,0.0,0.0,68.89,8/11/25,4ZDKSOH498RYJ2R,QSR Executive Enterprises-Aug11-Aug17,0.0,0.0,0.0,0.0,0.0,0.0,-4.89,0.0,0.0,0.0,0.0,-13.12,0.0,0.0,0.0
McDonald's® (412 Main St),9376c1e8-6220-4e4b-b294-87880ece685c,19593,5,0,107.85,,107.85,,,,0,,,,,,,,0,,,0,,0,85.09,0.0,0.0,0.0,71.48,8/11/25,PT24ZH6ER2BGQ62,QSR Executive Enterprises-Aug11-Aug17,0.0,0.0,0.0,0.0,0.0,0.0,-22.76,0.0,0.0,0.0,0.0,-13.61,0.0,0.0,0.0
McDonald's® (908 W PERKINS),ea956b12-1aa6-4350-8dfd-1b5d61c10b23,12283,20,0,505.43,,505.43,,,,0,,,,,,,,0,,,0,,0,483.27,0.0,0.0,0.0,409.25,8/11/25,B09UFOTOOM8NJMM,QSR Executive Enterprises-Aug11-Aug17,0.0,0.0,0.0,0.0,0.0,0.0,-22.16,0.0,0.0,0.0,0.0,-74.02,0.0,0.0,0.0
McDonald's® (117th St & Detroit),491f182f-a4e2-4f38-a00b-1aee28d778da,1568,325,10,7704.82,,7707.68,,,,0,,,,,,,,0,,,0,,0,6398.87,-18.53,-2.86,0.0,5272.26,8/11/25,8V9UYX4YAPCO56G,QSR Executive Enterprises-Aug11-Aug17,2.86,-112.76,0.0,-112.76,0.0,0.0,-1308.81,0.0,0.0,0.0,0.0,-992.46,0.0,0.0,0.0
McDonald's® (32528 LORAIN RD),bde8a002-39d6-4f1e-b33f-1d64a3fa32ca,16875,112,0,3123.52,,3125.49,,,,0,,,,,,,,0,,,0,,0,2753.45,0.0,-1.97,0.0,2308.37,8/11/25,A09X4K683U9X19B,QSR Executive Enterprises-Aug11-Aug17,1.97,-13.58,0.0,-13.58,0.0,0.0,-372.04,0.0,0.0,0.0,0.0,-429.53,0.0,0.0,0.0
McDonald's (31 W MAIN STREET),897eca28-a40a-5b68-be9b-7981deae2e9a,11969,1,0,22.18,,22.18,,,,0,,,,,,,,0,,,0,,0,22.18,0.0,0.0,0.0,18.63,8/11/25,WTXGCERV5TYTG42,QSR Executive Enterprises-Aug11-Aug17,0.0,0.0,0.0,0.0,0.0,0.0,0.0,0.0,0.0,0.0,0.0,-3.55,0.0,0.0,0.0
McDonald's® (Puritas & 143rd St),a198a1e2-b045-4037-996c-f6d56c9b46c9,11366,69,0,1628.55,,1628.55,,,,0,,,,,,,,0,,,0,,0,1375.02,0.0,0.0,0.0,1164.85,8/11/25,21PC8436FOX3V3X,QSR Executive Enterprises-Aug11-Aug17,0.0,-3.15,0.0,-3.15,0.0,0.0,-253.53,0.0,0.0,0.0,0.0,-207.02,0.0,0.0,0.0
McDonald's® (1582 MENTOR AVE),bb8cdad5-292d-45b0-8d99-161e2c07ef8d,10705,23,0,557.01,,557.05,,,,0,,,,,,,,0,,,0,,0,487.97,0.0,-0.04,0.0,410.97,8/11/25,WIJC4FNG3V3X03I,QSR Executive Enterprises-Aug11-Aug17,0.04,-2.6,0.0,-2.6,0.0,0.0,-69.08,0.0,0.0,0.0,0.0,-74.36,0.0,0.0,0.0
McDonald's® (Lorain & 226th St),18963aec-6a43-4d25-b62c-a6aaf5644d5f,174,78,0,1986.57,,1988.56,,,,0,,,,,,,,0,,,0,,0,1655.64,0.0,-1.99,0.0,1386.8,8/11/25,UNF8QNIIM8O5WKL,QSR Executive Enterprises-Aug11-Aug17,1.99,-13.85,0.0,-13.85,0.0,0.0,-332.92,0.0,0.0,0.0,0.0,-253.0,0.0,0.0,0.0
McDonald's® (249 Benedict Ave),e491d6e9-a063-4943-81ed-5db185c208ec,3401,2,0,62.99,,62.99,,,,0,,,,,,,,0,,,0,,0,56.6,0.0,0.0,0.0,48.68,8/11/25,026FFM4Z0Y6RZAS,QSR Executive Enterprises-Aug11-Aug17,0.0,0.0,0.0,0.0,0.0,0.0,-6.39,0.0,0.0,0.0,0.0,-7.92,0.0,0.0,0.0
McDonald's® (4204 MILAN ROAD),eee7f2d1-f345-4d2b-b24e-08abe3c24f17,32777,8,0,186.72,,186.72,,,,0,,,,,,,,0,,,0,,0,154.15,0.0,0.0,0.0,130.99,8/11/25,HVFKP3OY6GWDRP2,QSR Executive Enterprises-Aug11-Aug17,0.0,0.0,0.0,0.0,0.0,0.0,-32.57,0.0,0.0,0.0,0.0,-23.16,0.0,0.0,0.0
McDonald's® (Lorain & Dover Center),67ae0730-77ff-491f-a800-6535242e3a09,817,127,0,3385.64,,3387.39,,,,0,,,,,,,,0,,,0,,0,2894.07,0.0,-1.75,0.0,2407.73,8/11/25,6J00YPYIPTK86N5,QSR Executive Enterprises-Aug11-Aug17,1.75,-41.45,0.0,-41.45,0.0,0.0,-493.32,0.0,0.0,0.0,0.0,-443.14,0.0,0.0,0.0
McDonald's® (117th St & Detroit),491f182f-a4e2-4f38-a00b-1aee28d778da,1568,243,9,5538.94,36.82,5575.76,-123.46,-0.58,-124.04,0,0.0,0.0,-414.53,0.0,0.0,0.0,0.0,0,-793.8,0.0,0,0.0,0,5161.23,-18.52,-36.24,0.0,4277.78,7/7/25,E3TTSUO0PEUHCCW,QSR Executive Enterprises-July7-July13,,,,,,,,,,,,,,,
McDonald's® (1582 MENTOR AVE),bb8cdad5-292d-45b0-8d99-161e2c07ef8d,10705,18,2,521.97,3.52,525.49,-5.9,0.0,-5.9,0,0.0,0.0,-27.45,0.0,0.0,0.0,0.0,0,-76.1,0.0,0,0.0,0,498.04,0.0,-3.52,0.0,423.21,7/7/25,B7DRLQ3DPQ2ABNE,QSR Executive Enterprises-July7-July13,,,,,,,,,,,,,,,
McDonald's® (1725 HENDERSON DRIVE),87d18902-06ce-4939-882a-370dc8ce8dec,24316,47,4,1427.69,7.37,1435.06,-65.22,0.0,-65.22,0,0.0,0.0,-51.3,0.0,0.0,0.0,0.0,0,-213.69,0.0,0,0.0,0,1383.76,0.0,-7.37,-243.31,770.57,7/7/25,QO45RWUI4GBZXQZ,QSR Executive Enterprises-July7-July13,,,,,,,,,,,,,,,
McDonald's® (2102 RIVER AVE),e970bbdf-f08d-4973-beb7-e5705b9958f8,6678,16,2,462.06,3.32,465.38,0.0,0.0,0.0,0,0.0,0.0,-63.22,0.0,0.0,0.0,0.0,0,-61.94,0.0,0,0.0,0,402.16,0.0,-3.32,0.0,340.76,7/7/25,8S5YO6BFUWLWSW5,QSR Executive Enterprises-July7-July13,,,,,,,,,,,,,,,
McDonald's® (2118 Cleveland Rd W),71c6a949-9742-4f39-b06e-718610aca49a,6106,1,0,47.02,0.0,47.02,0.0,0.0,0.0,0,0.0,0.0,-8.39,0.0,0.0,0.0,0.0,0,-5.41,0.0,0,0.0,0,38.63,0.0,0.0,0.0,33.22,7/7/25,N3XH9GZI07EUOKJ,QSR Executive Enterprises-July7-July13,,,,,,,,,,,,,,,
McDonald's® (249 Benedict Ave),e491d6e9-a063-4943-81ed-5db185c208ec,3401,1,0,36.94,0.0,36.94,0.0,0.0,0.0,0,0.0,0.0,-4.55,0.0,0.0,0.0,0.0,0,-5.18,0.0,0,0.0,0,32.39,0.0,0.0,0.0,27.21,7/7/25,C6AUQSBZASHQGFH,QSR Executive Enterprises-July7-July13,,,,,,,,,,,,,,,
McDonald's® (3221 OBERLIN AVE),ac90e816-e98a-4464-ba44-06592b167a86,16255,56,2,1322.81,9.03,1331.84,-17.87,-0.43,-18.3,0,0.0,0.0,-63.88,0.0,0.0,0.0,0.0,0,-189.86,0.0,0,0.0,0,1267.96,0.0,-8.6,0.0,1063.83,7/7/25,IVL59P5AIN7KOTG,QSR Executive Enterprises-July7-July13,,,,,,,,,,,,,,,
McDonald's® (32528 LORAIN RD),bde8a002-39d6-4f1e-b33f-1d64a3fa32ca,16875,99,2,2840.85,9.48,2850.33,-7.55,0.0,-7.55,0,0.0,0.0,-192.09,0.0,0.0,0.0,0.0,0,-414.09,0.0,0,0.0,0,2658.24,0.0,-9.48,0.0,2254.23,7/7/25,9UWA60387ELA2ZT,QSR Executive Enterprises-July7-July13,,,,,,,,,,,,,,,
McDonald's® (35900 CENTER RIDGE RD),4213c40d-2b4e-40a2-8be5-f3ae4b6ca02f,34162,33,2,876.36,5.1,881.46,-5.19,-0.3,-5.49,0,0.0,0.0,-30.35,0.0,0.0,0.0,0.0,0,-129.18,0.0,0,0.0,0,851.11,0.0,-4.8,0.0,724.59,7/7/25,5W15AHPAE7VH8UX,QSR Executive Enterprises-July7-July13,,,,,,,,,,,,,,,
McDonald's® (412 Main St),9376c1e8-6220-4e4b-b294-87880ece685c,19593,1,1,14.55,0.0,14.55,0.0,0.0,0.0,0,0.0,0.0,0.0,0.0,0.0,0.0,0.0,0,-2.33,0.0,0,0.0,0,14.55,0.0,0.0,0.0,12.54,7/7/25,1TWMZJMHGJOYLZ8,QSR Executive Enterprises-July7-July13,,,,,,,,,,,,,,,
McDonald's® (4204 MILAN ROAD),eee7f2d1-f345-4d2b-b24e-08abe3c24f17,32777,3,2,117.69,1.05,118.74,0.0,0.0,0.0,0,0.0,0.0,0.0,0.0,0.0,0.0,0.0,0,-16.48,0.0,0,0.0,0,118.74,0.0,-1.05,0.0,102.71,7/7/25,NRT958DOXA0RWM2,QSR Executive Enterprises-July7-July13,,,,,,,,,,,,,,,
McDonald's® (908 W PERKINS),ea956b12-1aa6-4350-8dfd-1b5d61c10b23,12283,8,2,189.28,0.75,190.03,0.0,0.0,0.0,0,0.0,0.0,-15.57,0.0,0.0,0.0,0.0,0,-26.09,0.0,0,0.0,0,174.46,0.0,-0.75,0.0,150.3,7/7/25,B0MUNR43II5KFC9,QSR Executive Enterprises-July7-July13,,,,,,,,,,,,,,,
McDonald's® (95 RICHMOND ST),914b0747-950e-436c-b45a-135451e7944a,1807,73,2,1742.18,8.91,1751.09,0.0,0.0,0.0,0,0.0,0.0,-57.59,0.0,0.0,0.0,0.0,0,-253.18,0.0,0,0.0,0,1693.5,0.0,-8.91,0.0,1451.86,7/7/25,DWGLNOIFE67TYKV,QSR Executive Enterprises-July7-July13,,,,,,,,,,,,,,,
McDonald's® (Lorain & 226th St),18963aec-6a43-4d25-b62c-a6aaf5644d5f,174,64,2,1578.42,6.24,1584.66,-38.15,0.0,-38.15,0,0.0,0.0,-94.23,0.0,0.0,0.0,0.0,0,-230.68,0.0,0,0.0,0,1490.43,0.0,-6.24,0.0,1238.6,7/7/25,XAVNFL203PHYHTC,QSR Executive Enterprises-July7-July13,,,,,,,,,,,,,,,
McDonald's® (Lorain & Dover Center),67ae0730-77ff-491f-a800-6535242e3a09,817,92,2,2403.09,18.89,2421.98,-49.77,0.0,-49.77,0,0.0,0.0,-191.27,0.0,0.0,0.0,0.0,0,-340.71,0.0,0,0.0,0,2230.71,0.0,-18.89,0.0,1861.73,7/7/25,PN5H0EW1ZMFXKP4,QSR Executive Enterprises-July7-July13,,,,,,,,,,,,,,,
McDonald's® (Puritas & 143rd St),a198a1e2-b045-4037-996c-f6d56c9b46c9,11366,61,2,1488.86,9.58,1498.44,-35.71,0.0,-35.71,0,0.0,0.0,-66.99,0.0,0.0,0.0,0.0,0,-217.9,0.0,0,0.0,0,1431.45,0.0,-9.58,0.0,1199.54,7/7/25,RGU30IJKPIN3ORZ,QSR Executive Enterprises-July7-July13,,,,,,,,,,,,,,,
McDonald's® (95 RICHMOND ST),914b0747-950e-436c-b45a-135451e7944a,1807,82,0,2040.98,18.17,2059.15,-6.29,0.0,-6.29,0,0.0,0.0,-155.42,0.0,0.0,0.0,0.0,0,-284.01,0.0,0,0.0,0,1903.73,0.0,-18.17,0.0,1595.26,7/22/25,PLCBFZMLL58C1BS,QSR Executive Enterprises-July21-july27,,,,,,,,,,,,,,,
McDonald's® (2102 RIVER AVE),e970bbdf-f08d-4973-beb7-e5705b9958f8,6678,18,0,571.53,2.21,573.74,-72.58,0.0,-72.58,0,0.0,0.0,-49.82,0.0,0.0,0.0,0.0,0,-80.92,0.0,0,0.0,0,523.92,0.0,-2.21,0.0,368.21,7/21/25,DGRAIVF00TPJEYS,QSR Executive Enterprises-July21-july27,,,,,,,,,,,,,,,
McDonald's® (3221 OBERLIN AVE),ac90e816-e98a-4464-ba44-06592b167a86,16255,71,0,1743.48,8.67,1752.15,-42.59,0.0,-42.59,0,0.0,0.0,-129.18,0.0,0.0,0.0,0.0,0,-245.11,0.0,0,0.0,0,1622.97,0.0,-8.67,0.0,1326.6,7/21/25,TQP3LT75NB8IWSR,QSR Executive Enterprises-July21-july27,,,,,,,,,,,,,,,
McDonald's® (35900 CENTER RIDGE RD),4213c40d-2b4e-40a2-8be5-f3ae4b6ca02f,34162,44,0,1042.36,5.8,1048.16,-27.15,0.0,-27.15,0,0.0,0.0,-64.29,0.0,0.0,0.0,0.0,0,-150.12,0.0,0,0.0,0,983.87,0.0,-5.8,0.0,800.8,7/21/25,9P23EFYILSDCGB9,QSR Executive Enterprises-July21-july27,,,,,,,,,,,,,,,
McDonald's® (1725 HENDERSON DRIVE),87d18902-06ce-4939-882a-370dc8ce8dec,24316,54,0,1416.49,4.88,1421.37,17.19,0.0,17.19,0,0.0,0.0,-80.94,0.0,0.0,0.0,0.0,0,-209.27,0.0,0,0.0,0,1340.43,0.0,-4.88,-274.42,869.05,7/21/25,P8HH8D5PEPK060K,QSR Executive Enterprises-July21-july27,,,,,,,,,,,,,,,
McDonald's (4783 Liberty Ave),3d2d8bd9-5a32-543b-a0f7-836f141dd27d,23727,3,1,74.19,0.2,74.39,0.0,0.0,0.0,0,0.0,0.0,-3.59,0.0,0.0,0.0,0.0,0,-11.29,0.0,0,0.0,0,70.8,0.0,-0.2,0.0,59.63,7/21/25,BB7NHXYONGRKIKW,QSR Executive Enterprises-July21-july27,,,,,,,,,,,,,,,
McDonald's® (412 Main St),9376c1e8-6220-4e4b-b294-87880ece685c,19593,6,0,118.79,0.36,119.15,0.0,0.0,0.0,0,0.0,0.0,0.0,0.0,0.0,0.0,0.0,0,-18.36,0.0,0,0.0,0,119.15,0.0,-0.36,0.0,100.43,7/21/25,BVM9AX78FMSFHSA,QSR Executive Enterprises-July21-july27,,,,,,,,,,,,,,,
McDonald's® (908 W PERKINS),ea956b12-1aa6-4350-8dfd-1b5d61c10b23,12283,12,0,426.84,2.28,429.12,-33.9,0.0,-33.9,0,0.0,0.0,-23.16,0.0,0.0,0.0,0.0,0,-63.39,0.0,0,0.0,0,405.96,0.0,-2.28,0.0,306.39,7/21/25,8YF4XF8MKS2ZIDK,QSR Executive Enterprises-July21-july27,,,,,,,,,,,,,,,
McDonald's® (117th St & Detroit),491f182f-a4e2-4f38-a00b-1aee28d778da,1568,274,7,6060.62,31.34,6091.96,-140.59,-2.38,-142.97,0,0.0,0.0,-566.97,0.0,0.0,0.0,0.0,0,-853.62,0.0,0,0.0,0,5524.99,-18.57,-28.96,0.0,4480.87,7/21/25,5FV5DZLOKY7BP4R,QSR Executive Enterprises-July21-july27,,,,,,,,,,,,,,,
McDonald's® (32528 LORAIN RD),bde8a002-39d6-4f1e-b33f-1d64a3fa32ca,16875,114,0,2912.15,13.57,2925.72,-20.67,0.0,-20.67,0,0.0,0.0,-155.69,0.0,0.0,0.0,0.0,0,-426.05,0.0,0,0.0,0,2770.03,0.0,-13.57,0.0,2309.74,7/21/25,H6HHPNG5RCZSO83,QSR Executive Enterprises-July21-july27,,,,,,,,,,,,,,,
McDonald's® (2118 Cleveland Rd W),71c6a949-9742-4f39-b06e-718610aca49a,6106,2,0,72.31,0.0,72.31,0.0,0.0,0.0,0,0.0,0.0,0.0,0.0,0.0,0.0,0.0,0,-10.12,0.0,0,0.0,0,72.31,0.0,0.0,0.0,62.19,7/21/25,PZCW47SC5O0RZV2,QSR Executive Enterprises-July21-july27,,,,,,,,,,,,,,,
McDonald's® (Puritas & 143rd St),a198a1e2-b045-4037-996c-f6d56c9b46c9,11366,51,0,1268.71,6.14,1274.85,-17.42,-0.66,-18.08,0,0.0,0.0,-61.38,0.0,0.0,0.0,0.0,0,-185.98,0.0,0,0.0,0,1213.47,0.0,-5.48,0.0,1003.93,7/21/25,NM8RM00XZ9UBVMP,QSR Executive Enterprises-July21-july27,,,,,,,,,,,,,,,
McDonald's® (1582 MENTOR AVE),bb8cdad5-292d-45b0-8d99-161e2c07ef8d,10705,18,0,401.17,1.67,402.84,-0.9,0.0,-0.9,0,0.0,0.0,-34.74,0.0,0.0,0.0,0.0,0,-54.5,0.0,0,0.0,0,368.1,0.0,-1.67,0.0,311.03,7/21/25,BR7LXKXQ9RW870Z,QSR Executive Enterprises-July21-july27,,,,,,,,,,,,,,,
McDonald's® (Lorain & 226th St),18963aec-6a43-4d25-b62c-a6aaf5644d5f,174,83,0,2021.77,8.75,2030.52,7.3,0.0,7.3,0,0.0,0.0,-138.96,0.0,0.0,0.0,0.0,0,-290.28,0.0,0,0.0,0,1891.56,0.0,-8.75,0.0,1599.83,7/21/25,JDYXXGZWKI4QOIO,QSR Executive Enterprises-July21-july27,,,,,,,,,,,,,,,
McDonald's® (4204 MILAN ROAD),eee7f2d1-f345-4d2b-b24e-08abe3c24f17,32777,9,0,196.46,0.52,196.98,-6.88,0.0,-6.88,0,0.0,0.0,-27.72,0.0,0.0,0.0,0.0,0,-24.81,0.0,0,0.0,0,169.26,0.0,-0.52,0.0,137.05,7/21/25,Y2A7RSWPFHK597E,QSR Executive Enterprises-July21-july27,,,,,,,,,,,,,,,
McDonald's® (Lorain & Dover Center),67ae0730-77ff-491f-a800-6535242e3a09,817,128,0,3106.87,17.82,3124.69,-12.19,0.0,-12.19,0,0.0,0.0,-194.79,0.0,0.0,0.0,0.0,0,-446.82,0.0,0,0.0,0,2929.9,0.0,-17.82,0.0,2453.07,7/21/25,8HKVV849PRTIC08,QSR Executive Enterprises-July21-july27,,,,,,,,,,,,,,,
